first,WP,WP,WP,WP,CC,CC,CC,CC,TC,TC,TC,TC
second,S-SIM,COR,ED,MD,S-SIM,COR,ED,MD,S-SIM,COR,ED,MD
MEAN,0.6765780135316636,0.7090386039110315,0.6696316190360888,0.6837571471906789,0.708955061627795,0.8059608046884873,0.6557010061431955,0.6529329684082197,0.8082594326249349,0.872130363360656,0.6458827181416716,0.685461358620711
STD,0.18249880202994645,0.1862032147035027,0.1106460027772083,0.10855478605423395,0.19687214252130503,0.13441583558229514,0.12175263676564521,0.1255829143593256,0.1390611778088727,0.1148476332423404,0.14605709156962754,0.13431785350161532
SKEW,-0.6646419584664032,-0.8122384579802563,-0.7272884552624922,-0.7379986598080487,-1.0824736859972057,-1.2482463987837786,-0.6465304486881676,-0.670200623149642,-1.1038201084112478,-1.669657127199325,-0.45940647630058906,-0.5913625047459576
KUR,-0.18114607303953267,0.0013461914892309856,0.5802246790979262,0.6434856626962051,0.9738805393960326,1.7884835766318723,0.5862462380411904,0.5832786999991395,1.1456772122985246,3.308299714650272,-0.3181570448826774,0.025460481008168223
ENTROPY,2.825660940958726,2.793666511949913,2.185000134110051,2.159045084903502,2.828653299481373,2.285986451371235,2.316957222827064,2.3559449398960144,2.299390751421477,1.7954249000770983,2.566670306446461,2.4450060163663307
